Year,Month,Day,AvgTemperature.x,AvgTemperature.y,ref.mean.x,ref.var.x
1996,1,1,10.62,13.15,15.22,35.11
1996,1,2,11.46,12.77,15.22,35.11
1996,1,3,8.76,13.53,15.22,35.11
1996,1,4,8.84,13.27,15.22,35.11
1996,1,5,9.87,10.94,15.22,35.11
1996,1,6,10.25,11.34,15.22,35.11
1996,1,7,10.79,11,15.22,35.11
1996,1,8,10.11,11.76,15.22,35.11
1996,1,9,11.99,10.26,15.22,35.11
1996,1,10,12.33,10.63,15.22,35.11
1996,1,11,11.68,10.2,15.22,35.11
1996,1,12,12.2,9.82,15.22,35.11
1996,1,13,13.01,9.26,15.22,35.11
1996,1,14,12.34,10.22,15.22,35.11
1996,1,15,11.46,10.36,15.22,35.11
1996,1,16,10.48,9.93,15.22,35.11
1996,1,17,8.49,8.06,15.22,35.11
1996,1,18,7.96,6.45,15.22,35.11
1996,1,19,7.29,7.45,15.22,35.11
1996,1,20,9.15,8.12,15.22,35.11
1996,1,21,10.48,8.97,15.22,35.11
1996,1,22,11.34,8.46,15.22,35.11
1996,1,23,11.36,9.71,15.22,35.11
1996,1,24,10.47,9.21,15.22,35.11
1996,1,25,10.19,8.3,15.22,35.11
1996,1,26,9.56,10.78,15.22,35.11
1996,1,27,9.63,14.17,15.22,35.11
1996,1,28,10.81,12.34,15.22,35.11
1996,1,29,11.51,12.59,15.22,35.11
1996,1,30,11.44,13.5,15.22,35.11
1996,1,31,7.6,14.91,15.22,35.11
1996,2,1,8,13.72,15.22,35.11
1996,2,2,10,10.69,15.22,35.11
1996,2,3,9.71,8.76,15.22,35.11
1996,2,4,6.51,9.13,15.22,35.11
1996,2,5,2.94,10.58,15.22,35.11
1996,2,6,4.93,15.17,15.22,35.11
1996,2,7,5.02,16.33,15.22,35.11
1996,2,8,6.16,15.2,15.22,35.11
1996,2,9,5.63,13.64,15.22,35.11
1996,2,10,7.25,12.05,15.22,35.11
1996,2,11,7.7,10.3,15.22,35.11
1996,2,12,8.51,10.08,15.22,35.11
1996,2,13,9.44,13.65,15.22,35.11
1996,2,14,6.7,12.47,15.22,35.11
1996,2,15,5.78,12.77,15.22,35.11
1996,2,16,5.42,11.96,15.22,35.11
1996,2,17,8.79,11.8,15.22,35.11
1996,2,18,8.85,11.74,15.22,35.11
1996,2,19,8.87,11.53,15.22,35.11
1996,2,20,3.31,10.58,15.22,35.11
1996,2,21,2.9,11.66,15.22,35.11
1996,2,22,1.49,11.9,15.22,35.11
1996,2,23,4.01,16.12,15.22,35.11
1996,2,24,5.13,13.62,15.22,35.11
1996,2,25,8.14,10.82,15.22,35.11
1996,2,26,9.87,10.33,15.22,35.11
1996,2,27,10.39,10.11,15.22,35.11
1996,2,28,9.47,10.25,15.22,35.11
1996,2,29,9.8,13.94,15.22,35.11
1996,3,1,8.17,13.31,15.22,35.11
1996,3,2,7.06,10.88,15.22,35.11
1996,3,3,5.99,9.92,15.22,35.11
1996,3,4,5.66,12.01,15.22,35.11
1996,3,5,6.6,15.76,15.22,35.11
1996,3,6,7.06,13.64,15.22,35.11
1996,3,7,7.46,8.74,15.22,35.11
1996,3,8,9.62,9.84,15.22,35.11
1996,3,9,9.68,10.26,15.22,35.11
1996,3,10,9.12,12.89,15.22,35.11
1996,3,11,8.55,12.67,15.22,35.11
1996,3,12,8.61,12.6,15.22,35.11
1996,3,13,9.43,13.04,15.22,35.11
1996,3,14,9.77,14.84,15.22,35.11
1996,3,15,10.28,16.21,15.22,35.11
1996,3,16,10.29,16.3,15.22,35.11
1996,3,17,9.5,15.32,15.22,35.11
1996,3,18,9.76,13.05,15.22,35.11
1996,3,19,8.89,13.11,15.22,35.11
1996,3,20,10.32,11.88,15.22,35.11
1996,3,21,11.08,12.35,15.22,35.11
1996,3,22,11.54,11.87,15.22,35.11
1996,3,23,11.5,10.8,15.22,35.11
1996,3,24,12.26,8.88,15.22,35.11
1996,3,25,13.34,8.57,15.22,35.11
1996,3,26,12.8,10.1,15.22,35.11
1996,3,27,12.05,12.67,15.22,35.11
1996,3,28,9.81,16.65,15.22,35.11
1996,3,29,9.93,20.87,15.22,35.11
1996,3,30,9.53,18.82,15.22,35.11
1996,3,31,9.09,14.61,15.22,35.11
1996,4,1,10.67,15.08,15.22,35.11
1996,4,2,9.94,16.96,15.22,35.11
1996,4,3,6.91,15.53,15.22,35.11
1996,4,4,7.92,17.94,15.22,35.11
1996,4,5,8.65,19.69,15.22,35.11
1996,4,6,10.94,14.43,15.22,35.11
1996,4,7,12,15.34,15.22,35.11
1996,4,8,13.7,14.92,15.22,35.11
1996,4,9,13.03,13.47,15.22,35.11
1996,4,10,13.07,14.51,15.22,35.11
1996,4,11,14.84,19.17,15.22,35.11
1996,4,12,14.15,15.07,15.22,35.11
1996,4,13,15.11,12.81,15.22,35.11
1996,4,14,14.73,13.4,15.22,35.11
1996,4,15,14.01,14.08,15.22,35.11
1996,4,16,12.98,19.13,15.22,35.11
1996,4,17,12.48,18.03,15.22,35.11
1996,4,18,13.75,13.7,15.22,35.11
1996,4,19,13.2,14.67,15.22,35.11
1996,4,20,14.2,17.64,15.22,35.11
1996,4,21,15.83,14.01,15.22,35.11
1996,4,22,15.64,13.03,15.22,35.11
1996,4,23,14.95,12.37,15.22,35.11
1996,4,24,15.01,12.76,15.22,35.11
1996,4,25,14.81,13.76,15.22,35.11
1996,4,26,14.62,16.75,15.22,35.11
1996,4,27,14.8,20.25,15.22,35.11
1996,4,28,14.09,24.73,15.22,35.11
1996,4,29,14.11,24.23,15.22,35.11
1996,4,30,14.52,23.35,15.22,35.11
1996,5,1,13.96,28.29,15.22,35.11
1996,5,2,14.07,23.8,15.22,35.11
1996,5,3,12.86,20.49,15.22,35.11
1996,5,4,14.34,20.24,15.22,35.11
1996,5,5,14.69,20.6,15.22,35.11
1996,5,6,15.22,21.72,15.22,35.11
1996,5,7,15.76,22.95,15.22,35.11
1996,5,8,15.24,26.56,15.22,35.11
1996,5,9,15.23,23.92,15.22,35.11
1996,5,10,14.39,21.5,15.22,35.11
1996,5,11,15.46,23.24,15.22,35.11
1996,5,12,14.83,27.09,15.22,35.11
1996,5,13,14.27,20.94,15.22,35.11
1996,5,14,14.89,24.47,15.22,35.11
1996,5,15,15.62,22.34,15.22,35.11
1996,5,16,15.35,20.61,15.22,35.11
1996,5,17,16.58,19.94,15.22,35.11
1996,5,18,17.29,19.33,15.22,35.11
1996,5,19,16.23,19.01,15.22,35.11
1996,5,20,16.47,20.11,15.22,35.11
1996,5,21,16.5,22.05,15.22,35.11
1996,5,22,16.29,25.18,15.22,35.11
1996,5,23,17.94,26.72,15.22,35.11
1996,5,24,17.19,24.68,15.22,35.11
1996,5,25,17.04,23.95,15.22,35.11
1996,5,26,19.42,23.35,15.22,35.11
1996,5,27,19.21,22.24,15.22,35.11
1996,5,28,17.93,21.34,15.22,35.11
1996,5,29,18.18,22.13,15.22,35.11
1996,5,30,18.42,25.24,15.22,35.11
1996,5,31,17.94,21.34,15.22,35.11
1996,6,1,18.15,21.07,15.22,35.11
1996,6,2,16.49,21.33,15.22,35.11
1996,6,3,17.3,20.92,15.22,35.11
1996,6,4,20.38,21.37,15.22,35.11
1996,6,5,21.93,22.95,15.22,35.11
1996,6,6,22.54,24.56,15.22,35.11
1996,6,7,20.99,25.21,15.22,35.11
1996,6,8,20.21,25.24,15.22,35.11
1996,6,9,20.59,24.85,15.22,35.11
1996,6,10,21.37,24.45,15.22,35.11
1996,6,11,22.28,25,15.22,35.11
1996,6,12,24.03,24.87,15.22,35.11
1996,6,13,24.32,24.12,15.22,35.11
1996,6,14,23,23.97,15.22,35.11
1996,6,15,22.75,25.06,15.22,35.11
1996,6,16,22.03,24.7,15.22,35.11
1996,6,17,21.34,23.08,15.22,35.11
1996,6,18,21.1,22.32,15.22,35.11
1996,6,19,22.3,23.21,15.22,35.11
1996,6,20,22.53,23.69,15.22,35.11
1996,6,21,21.44,22.61,15.22,35.11
1996,6,22,18.28,23.82,15.22,35.11
1996,6,23,17.49,24.57,15.22,35.11
1996,6,24,17.59,25.69,15.22,35.11
1996,6,25,18.1,26.89,15.22,35.11
1996,6,26,19.09,27.56,15.22,35.11
1996,6,27,20.21,28.43,15.22,35.11
1996,6,28,20.05,27.85,15.22,35.11
1996,6,29,21.23,25.08,15.22,35.11
1996,6,30,21.79,25,15.22,35.11
1996,7,1,21.56,25,15.22,35.11
1996,7,2,18.85,25.57,15.22,35.11
1996,7,3,19.33,28.68,15.22,35.11
1996,7,4,19.92,29.9,15.22,35.11
1996,7,5,20.13,28.01,15.22,35.11
1996,7,6,20.6,27.73,15.22,35.11
1996,7,7,18.78,26.89,15.22,35.11
1996,7,8,17.48,27.44,15.22,35.11
1996,7,9,19.08,28.62,15.22,35.11
1996,7,10,20.25,28.51,15.22,35.11
1996,7,11,20.56,26.83,15.22,35.11
1996,7,12,20.46,25.14,15.22,35.11
1996,7,13,20.3,24.95,15.22,35.11
1996,7,14,21.87,24.82,15.22,35.11
1996,7,15,22.95,24.95,15.22,35.11
1996,7,16,23.3,26.12,15.22,35.11
1996,7,17,23.15,28.1,15.22,35.11
1996,7,18,23.7,28.51,15.22,35.11
1996,7,19,24.39,27.85,15.22,35.11
1996,7,20,22.4,27.54,15.22,35.11
1996,7,21,22.05,27.25,15.22,35.11
1996,7,22,22.04,26.84,15.22,35.11
1996,7,23,22.08,26.26,15.22,35.11
1996,7,24,22.95,25.14,15.22,35.11
1996,7,25,25.41,25.63,15.22,35.11
1996,7,26,25.17,27,15.22,35.11
1996,7,27,24.65,28.52,15.22,35.11
1996,7,28,24.22,29.4,15.22,35.11
1996,7,29,24.14,28.76,15.22,35.11
1996,7,30,24.65,28.09,15.22,35.11
1996,7,31,24.17,28.37,15.22,35.11
1996,8,1,23.52,28.17,15.22,35.11
1996,8,2,22.63,28.68,15.22,35.11
1996,8,3,24.14,27.32,15.22,35.11
1996,8,4,22.65,26.46,15.22,35.11
1996,8,5,22.4,26.99,15.22,35.11
1996,8,6,22.62,26.96,15.22,35.11
1996,8,7,23.39,27.42,15.22,35.11
1996,8,8,22.85,28.03,15.22,35.11
1996,8,9,23.5,28.33,15.22,35.11
1996,8,10,23.22,27.91,15.22,35.11
1996,8,11,22.2,27.77,15.22,35.11
1996,8,12,21.72,27.72,15.22,35.11
1996,8,13,21.49,27.25,15.22,35.11
1996,8,14,21.84,27.35,15.22,35.11
1996,8,15,21.89,27.54,15.22,35.11
1996,8,16,22.26,27.88,15.22,35.11
1996,8,17,22.69,28.34,15.22,35.11
1996,8,18,22.18,28.26,15.22,35.11
1996,8,19,22.15,26.42,15.22,35.11
1996,8,20,22.69,25.8,15.22,35.11
1996,8,21,22.4,25.56,15.22,35.11
1996,8,22,21.19,25.07,15.22,35.11
1996,8,23,21.31,25.25,15.22,35.11
1996,8,24,21.48,25.48,15.22,35.11
1996,8,25,20.82,26.67,15.22,35.11
1996,8,26,20.48,25.5,15.22,35.11
1996,8,27,20.47,24.87,15.22,35.11
1996,8,28,19.39,25.6,15.22,35.11
1996,8,29,19.03,26.54,15.22,35.11
1996,8,30,19.07,27.06,15.22,35.11
1996,8,31,19.46,26.7,15.22,35.11
1996,9,1,19.36,26.09,15.22,35.11
1996,9,2,17.12,25.84,15.22,35.11
1996,9,3,16.31,25.67,15.22,35.11
1996,9,4,18.01,26.06,15.22,35.11
1996,9,5,19.59,28.58,15.22,35.11
1996,9,6,20.9,30.7,15.22,35.11
1996,9,7,19.48,26.37,15.22,35.11
1996,9,8,18.33,24.79,15.22,35.11
1996,9,9,18.12,24.81,15.22,35.11
1996,9,10,17.98,24.27,15.22,35.11
1996,9,11,18.51,23.76,15.22,35.11
1996,9,12,18.53,24.41,15.22,35.11
1996,9,13,17.06,25.25,15.22,35.11
1996,9,14,16.82,26.31,15.22,35.11
1996,9,15,16.55,27.11,15.22,35.11
1996,9,16,16.52,25.06,15.22,35.11
1996,9,17,16.43,23,15.22,35.11
1996,9,18,17.64,23.29,15.22,35.11
1996,9,19,16.95,24.09,15.22,35.11
1996,9,20,16.3,28,15.22,35.11
1996,9,21,17.34,26.49,15.22,35.11
1996,9,22,15.76,23.61,15.22,35.11
1996,9,23,14.65,23.92,15.22,35.11
1996,9,24,15.4,27.09,15.22,35.11
1996,9,25,16.06,28.54,15.22,35.11
1996,9,26,16.47,25.17,15.22,35.11
1996,9,27,17.29,24.28,15.22,35.11
1996,9,28,17.84,23.78,15.22,35.11
1996,9,29,16.64,24.9,15.22,35.11
1996,9,30,16.66,24.29,15.22,35.11
1996,10,1,16.87,24.34,15.22,35.11
1996,10,2,15.11,25.2,15.22,35.11
1996,10,3,15.27,23.64,15.22,35.11
1996,10,4,15.28,22.15,15.22,35.11
1996,10,5,14.84,22.52,15.22,35.11
1996,10,6,13.26,22.19,15.22,35.11
1996,10,7,14.17,21.4,15.22,35.11
1996,10,8,13.8,20.99,15.22,35.11
1996,10,9,15.71,21.48,15.22,35.11
1996,10,10,15.66,23.97,15.22,35.11
1996,10,11,15.78,23.04,15.22,35.11
1996,10,12,15.7,22.59,15.22,35.11
1996,10,13,17.1,20.43,15.22,35.11
1996,10,14,17.23,19.26,15.22,35.11
1996,10,15,16.37,18.77,15.22,35.11
1996,10,16,13.29,19.34,15.22,35.11
1996,10,17,13.58,21.78,15.22,35.11
1996,10,18,13.14,23.24,15.22,35.11
1996,10,19,15.22,23.97,15.22,35.11
1996,10,20,14.99,23.42,15.22,35.11
1996,10,21,17.45,22.75,15.22,35.11
1996,10,22,16.33,20.32,15.22,35.11
1996,10,23,15.37,19.3,15.22,35.11
1996,10,24,15.32,19.84,15.22,35.11
1996,10,25,15.45,19.16,15.22,35.11
1996,10,26,15.76,16.73,15.22,35.11
1996,10,27,15.52,15.86,15.22,35.11
1996,10,28,15.54,16.41,15.22,35.11
1996,10,29,15.71,14.29,15.22,35.11
1996,10,30,12.96,15.88,15.22,35.11
1996,10,31,12.44,16.09,15.22,35.11
1996,11,1,14.33,17.02,15.22,35.11
1996,11,2,13.96,16.53,15.22,35.11
1996,11,3,13.64,17.33,15.22,35.11
1996,11,4,15.07,18.55,15.22,35.11
1996,11,5,14.8,16.9,15.22,35.11
1996,11,6,12.24,16.1,15.22,35.11
1996,11,7,13.78,16.24,15.22,35.11
1996,11,8,13.38,15.86,15.22,35.11
1996,11,9,11.81,17.52,15.22,35.11
1996,11,10,13.49,17.74,15.22,35.11
1996,11,11,15.92,18.6,15.22,35.11
1996,11,12,16.7,17.87,15.22,35.11
1996,11,13,14.94,17.54,15.22,35.11
1996,11,14,10.39,16.71,15.22,35.11
1996,11,15,10.12,17.08,15.22,35.11
1996,11,16,14.07,17.98,15.22,35.11
1996,11,17,13.21,18.9,15.22,35.11
1996,11,18,8.45,17.83,15.22,35.11
1996,11,19,9.12,17.62,15.22,35.11
1996,11,20,10.6,17.9,15.22,35.11
1996,11,21,8.7,17.91,15.22,35.11
1996,11,22,8.83,17.13,15.22,35.11
1996,11,23,8.09,16.7,15.22,35.11
1996,11,24,6.22,17.09,15.22,35.11
1996,11,25,8.67,18.22,15.22,35.11
1996,11,26,9.55,17.58,15.22,35.11
1996,11,27,8.38,16.85,15.22,35.11
1996,11,28,6.93,15.41,15.22,35.11
1996,11,29,6.15,15.56,15.22,35.11
1996,11,30,12.08,17.83,15.22,35.11
1996,12,1,8.92,16.44,15.22,35.11
1996,12,2,10.35,16.22,15.22,35.11
1996,12,3,8.82,16.87,15.22,35.11
1996,12,4,10.97,14.37,15.22,35.11
1996,12,5,12.56,14.13,15.22,35.11
1996,12,6,13,14.54,15.22,35.11
1996,12,7,13.45,13.54,15.22,35.11
1996,12,8,12.59,13.77,15.22,35.11
1996,12,9,11.4,12.59,15.22,35.11
1996,12,10,8.98,12.67,15.22,35.11
1996,12,11,9.78,13.31,15.22,35.11
1996,12,12,10.89,14.35,15.22,35.11
1996,12,13,12.78,12.04,15.22,35.11
1996,12,14,10.99,12.46,15.22,35.11
1996,12,15,9.16,11.62,15.22,35.11
1996,12,16,8.53,12.15,15.22,35.11
1996,12,17,10.41,13.2,15.22,35.11
1996,12,18,11.34,11.81,15.22,35.11
1996,12,19,11.44,11.91,15.22,35.11
1996,12,20,11.92,12.42,15.22,35.11
1996,12,21,12.95,12.76,15.22,35.11
1996,12,22,13.71,12.84,15.22,35.11
1996,12,23,13.18,13.24,15.22,35.11
1996,12,24,11.95,13.61,15.22,35.11
1996,12,25,8.71,14.25,15.22,35.11
1996,12,26,4.14,14.51,15.22,35.11
1996,12,27,5.21,15.68,15.22,35.11
1996,12,28,4.14,15.55,15.22,35.11
1996,12,29,1.51,11.6,15.22,35.11
1996,12,30,0.53,11.57,15.22,35.11
1996,12,31,3.83,11.68,15.22,35.11
2011,1,1,8.76,12.87,15.22,35.11
2011,1,2,5.45,12.13,15.22,35.11
2011,1,3,6.14,11.59,15.22,35.11
2011,1,4,6.21,10.95,15.22,35.11
2011,1,5,7.35,11.2,15.22,35.11
2011,1,6,9.84,11.85,15.22,35.11
2011,1,7,12.7,11.99,15.22,35.11
2011,1,8,12.86,10.31,15.22,35.11
2011,1,9,12.25,10.25,15.22,35.11
2011,1,10,9.26,11.12,15.22,35.11
2011,1,11,7.76,11.76,15.22,35.11
2011,1,12,9.85,11.83,15.22,35.11
2011,1,13,11.96,11.12,15.22,35.11
2011,1,14,9.23,10.44,15.22,35.11
2011,1,15,10.2,10.35,15.22,35.11
2011,1,16,9.57,10.62,15.22,35.11
2011,1,17,9.74,12.52,15.22,35.11
2011,1,18,8.41,11.57,15.22,35.11
2011,1,19,7.89,10.95,15.22,35.11
2011,1,20,5.4,11.27,15.22,35.11
2011,1,21,4.8,11.56,15.22,35.11
2011,1,22,3.01,11.26,15.22,35.11
2011,1,23,3.09,11.88,15.22,35.11
2011,1,24,3,11.54,15.22,35.11
2011,1,25,4.09,11.01,15.22,35.11
2011,1,26,4.05,11.58,15.22,35.11
2011,1,27,7.23,14.06,15.22,35.11
2011,1,28,6.89,13.95,15.22,35.11
2011,1,29,6.94,15.03,15.22,35.11
2011,1,30,6.65,12.34,15.22,35.11
2011,1,31,6.88,11.58,15.22,35.11
2011,2,1,5.48,10.34,15.22,35.11
2011,2,2,4.86,8.89,15.22,35.11
2011,2,3,6.33,8.69,15.22,35.11
2011,2,4,9.22,13.24,15.22,35.11
2011,2,5,9.21,12.03,15.22,35.11
2011,2,6,7.98,11.81,15.22,35.11
2011,2,7,8.2,12.03,15.22,35.11
2011,2,8,7.29,11.42,15.22,35.11
2011,2,9,6.92,12,15.22,35.11
2011,2,10,7.14,10.95,15.22,35.11
2011,2,11,9.68,10.81,15.22,35.11
2011,2,12,9.48,10.42,15.22,35.11
2011,2,13,9.17,11.2,15.22,35.11
2011,2,14,10.73,12.34,15.22,35.11
2011,2,15,10.45,15.22,15.22,35.11
2011,2,16,9.33,13.79,15.22,35.11
2011,2,17,9.24,13.15,15.22,35.11
2011,2,18,9.71,14.06,15.22,35.11
2011,2,19,8.78,15.54,15.22,35.11
2011,2,20,10.1,13.31,15.22,35.11
2011,2,21,9.87,12.72,15.22,35.11
2011,2,22,9.39,12.69,15.22,35.11
2011,2,23,8.18,14.25,15.22,35.11
2011,2,24,9.17,14.92,15.22,35.11
2011,2,25,10.29,14.71,15.22,35.11
2011,2,26,10.12,11.99,15.22,35.11
2011,2,27,9.63,12.13,15.22,35.11
2011,2,28,7.59,11.38,15.22,35.11
2011,3,1,8.6,12.59,15.22,35.11
2011,3,2,8.35,13.04,15.22,35.11
2011,3,3,8.62,14.18,15.22,35.11
2011,3,4,9.94,14.72,15.22,35.11
2011,3,5,9.71,14.72,15.22,35.11
2011,3,6,9.11,17.34,15.22,35.11
2011,3,7,9.74,15.13,15.22,35.11
2011,3,8,8.33,13.57,15.22,35.11
2011,3,9,7.6,10.56,15.22,35.11
2011,3,10,9.46,8.77,15.22,35.11
2011,3,11,10.42,8.95,15.22,35.11
2011,3,12,11.01,10.29,15.22,35.11
2011,3,13,11.24,11.11,15.22,35.11
2011,3,14,12.29,11.49,15.22,35.11
2011,3,15,13,13.63,15.22,35.11
2011,3,16,12.19,14.99,15.22,35.11
2011,3,17,12.06,16.82,15.22,35.11
2011,3,18,12.25,17.5,15.22,35.11
2011,3,19,13.25,17.01,15.22,35.11
2011,3,20,11,18.75,15.22,35.11
2011,3,21,10.53,17.67,15.22,35.11
2011,3,22,10.44,15.07,15.22,35.11
2011,3,23,11.47,13.81,15.22,35.11
2011,3,24,11.75,11.03,15.22,35.11
2011,3,25,11.27,11.08,15.22,35.11
2011,3,26,11.43,13.06,15.22,35.11
2011,3,27,12.23,14.15,15.22,35.11
2011,3,28,12.88,13.23,15.22,35.11
2011,3,29,12.51,14.41,15.22,35.11
2011,3,30,13.25,15.67,15.22,35.11
2011,3,31,15.17,18.6,15.22,35.11
2011,4,1,14.21,22.25,15.22,35.11
2011,4,2,13.56,18.66,15.22,35.11
2011,4,3,14.1,17.23,15.22,35.11
2011,4,4,14.69,13.47,15.22,35.11
2011,4,5,15.22,13.35,15.22,35.11
2011,4,6,14.62,14.21,15.22,35.11
2011,4,7,14.6,15.14,15.22,35.11
2011,4,8,18.03,16.83,15.22,35.11
2011,4,9,16.08,15.94,15.22,35.11
2011,4,10,17.88,16.65,15.22,35.11
2011,4,11,17.71,17.19,15.22,35.11
2011,4,12,16.91,14.77,15.22,35.11
2011,4,13,13.72,14.25,15.22,35.11
2011,4,14,13.21,16.02,15.22,35.11
2011,4,15,12.44,18.87,15.22,35.11
2011,4,16,13.1,23.51,15.22,35.11
2011,4,17,13.43,26.65,15.22,35.11
2011,4,18,13.65,26.17,15.22,35.11
2011,4,19,13.85,18.77,15.22,35.11
2011,4,20,14.43,16.4,15.22,35.11
2011,4,21,15.54,15.57,15.22,35.11
2011,4,22,15.19,13.82,15.22,35.11
2011,4,23,14.23,15.69,15.22,35.11
2011,4,24,15.4,16.67,15.22,35.11
2011,4,25,16.02,16.01,15.22,35.11
2011,4,26,17.01,17.23,15.22,35.11
2011,4,27,16,21.06,15.22,35.11
2011,4,28,15.27,21.08,15.22,35.11
2011,4,29,14.75,19.09,15.22,35.11
2011,4,30,16.21,17.29,15.22,35.11
2011,5,1,16.44,18.19,15.22,35.11
2011,5,2,15.89,21.43,15.22,35.11
2011,5,3,17.91,19.61,15.22,35.11
2011,5,4,18.19,24.28,15.22,35.11
2011,5,5,16.18,25.18,15.22,35.11
2011,5,6,16.63,20.46,15.22,35.11
2011,5,7,17.39,18.48,15.22,35.11
2011,5,8,17.49,18.11,15.22,35.11
2011,5,9,17.75,18.91,15.22,35.11
2011,5,10,17.77,18.91,15.22,35.11
2011,5,11,17.66,20.52,15.22,35.11
2011,5,12,18.13,19.97,15.22,35.11
2011,5,13,18.77,17.66,15.22,35.11
2011,5,14,18.42,16.59,15.22,35.11
2011,5,15,16.96,17.73,15.22,35.11
2011,5,16,17.47,20.69,15.22,35.11
2011,5,17,16.97,22.87,15.22,35.11
2011,5,18,17.21,22.44,15.22,35.11
2011,5,19,18.13,22.94,15.22,35.11
2011,5,20,19.01,24.83,15.22,35.11
2011,5,21,19.72,22.16,15.22,35.11
2011,5,22,21.75,21.66,15.22,35.11
2011,5,23,22.43,22.57,15.22,35.11
2011,5,24,23.9,22.78,15.22,35.11
2011,5,25,22.29,23.73,15.22,35.11
2011,5,26,21.41,25.11,15.22,35.11
2011,5,27,20.09,28.07,15.22,35.11
2011,5,28,19.13,24.56,15.22,35.11
2011,5,29,19.23,22.49,15.22,35.11
2011,5,30,18.9,22.5,15.22,35.11
2011,5,31,18.03,23.2,15.22,35.11
2011,6,1,15.46,22.06,15.22,35.11
2011,6,2,16.05,21.87,15.22,35.11
2011,6,3,17.44,23,15.22,35.11
2011,6,4,18.06,23.98,15.22,35.11
2011,6,5,16.88,23.93,15.22,35.11
2011,6,6,17.54,23.99,15.22,35.11
2011,6,7,18.1,25,15.22,35.11
2011,6,8,18.48,25.7,15.22,35.11
2011,6,9,17.92,26.86,15.22,35.11
2011,6,10,18.35,28.22,15.22,35.11
2011,6,11,19.12,25.03,15.22,35.11
2011,6,12,18.68,24.31,15.22,35.11
2011,6,13,19.56,23.25,15.22,35.11
2011,6,14,21.38,23.22,15.22,35.11
2011,6,15,21.31,24.31,15.22,35.11
2011,6,16,20.72,24.56,15.22,35.11
2011,6,17,20.73,23.73,15.22,35.11
2011,6,18,21.01,23.3,15.22,35.11
2011,6,19,19.76,23.63,15.22,35.11
2011,6,20,20.86,24.74,15.22,35.11
2011,6,21,20.31,25.99,15.22,35.11
2011,6,22,20.5,26.73,15.22,35.11
2011,6,23,21.74,27.23,15.22,35.11
2011,6,24,21.66,26.98,15.22,35.11
2011,6,25,22.22,26.36,15.22,35.11
2011,6,26,22.2,25.7,15.22,35.11
2011,6,27,22.08,25.26,15.22,35.11
2011,6,28,22.01,24.6,15.22,35.11
2011,6,29,23.85,23.85,15.22,35.11
2011,6,30,23.21,23.84,15.22,35.11
2011,7,1,22.74,24.18,15.22,35.11
2011,7,2,21.76,24.84,15.22,35.11
2011,7,3,20.8,25.9,15.22,35.11
2011,7,4,21.38,25.78,15.22,35.11
2011,7,5,23.16,25.03,15.22,35.11
2011,7,6,22.69,26.14,15.22,35.11
2011,7,7,22.3,26.71,15.22,35.11
2011,7,8,23.12,28.01,15.22,35.11
2011,7,9,23.26,29.36,15.22,35.11
2011,7,10,23.51,28.89,15.22,35.11
2011,7,11,24.33,28.6,15.22,35.11
2011,7,12,25.25,28.18,15.22,35.11
2011,7,13,23.1,28.28,15.22,35.11
2011,7,14,21.26,28.21,15.22,35.11
2011,7,15,21.69,28.1,15.22,35.11
2011,7,16,21.8,27.67,15.22,35.11
2011,7,17,21.05,27.9,15.22,35.11
2011,7,18,20.2,28.16,15.22,35.11
2011,7,19,19.64,28.84,15.22,35.11
2011,7,20,19.95,28.71,15.22,35.11
2011,7,21,20.84,29.6,15.22,35.11
2011,7,22,21.1,29.12,15.22,35.11
2011,7,23,20.96,27.05,15.22,35.11
2011,7,24,19.71,28.17,15.22,35.11
2011,7,25,20.13,30.66,15.22,35.11
2011,7,26,19.9,30.1,15.22,35.11
2011,7,27,19.19,28.94,15.22,35.11
2011,7,28,20.89,28.63,15.22,35.11
2011,7,29,20.93,29.6,15.22,35.11
2011,7,30,21.87,30.53,15.22,35.11
2011,7,31,21.42,30.02,15.22,35.11
2011,8,1,21.03,28.84,15.22,35.11
2011,8,2,21.7,28.17,15.22,35.11
2011,8,3,22.46,28.09,15.22,35.11
2011,8,4,24.48,27.73,15.22,35.11
2011,8,5,23.37,27.21,15.22,35.11
2011,8,6,23.12,27.66,15.22,35.11
2011,8,7,22.94,27.94,15.22,35.11
2011,8,8,22.8,27.9,15.22,35.11
2011,8,9,21.32,27.9,15.22,35.11
2011,8,10,21.9,28.08,15.22,35.11
2011,8,11,21.3,27.72,15.22,35.11
2011,8,12,21.82,27.2,15.22,35.11
2011,8,13,22.63,26.17,15.22,35.11
2011,8,14,21.96,26.65,15.22,35.11
2011,8,15,24.29,26.77,15.22,35.11
2011,8,16,23.74,26.38,15.22,35.11
2011,8,17,23.33,26.72,15.22,35.11
2011,8,18,23.19,26.55,15.22,35.11
2011,8,19,24.26,26.87,15.22,35.11
2011,8,20,24.37,27.84,15.22,35.11
2011,8,21,24.99,28.14,15.22,35.11
2011,8,22,25.5,28.2,15.22,35.11
2011,8,23,25.25,28.05,15.22,35.11
2011,8,24,24.6,27.54,15.22,35.11
2011,8,25,24.97,27.18,15.22,35.11
2011,8,26,24.12,27.3,15.22,35.11
2011,8,27,20.62,27.7,15.22,35.11
2011,8,28,21.36,26.65,15.22,35.11
2011,8,29,22.66,25.89,15.22,35.11
2011,8,30,22.71,25.72,15.22,35.11
2011,8,31,22.04,25.85,15.22,35.11
2011,9,1,23.28,26.07,15.22,35.11
2011,9,2,24.4,25.39,15.22,35.11
2011,9,3,23.51,26.29,15.22,35.11
2011,9,4,21.59,26.59,15.22,35.11
2011,9,5,22.39,26.77,15.22,35.11
2011,9,6,21.1,27.5,15.22,35.11
2011,9,7,22.15,26.77,15.22,35.11
2011,9,8,23.6,25.89,15.22,35.11
2011,9,9,22.61,25.66,15.22,35.11
2011,9,10,22.11,25.73,15.22,35.11
2011,9,11,22.07,26.78,15.22,35.11
2011,9,12,23.67,27.09,15.22,35.11
2011,9,13,22.3,26.76,15.22,35.11
2011,9,14,23.58,26.02,15.22,35.11
2011,9,15,21.73,25.53,15.22,35.11
2011,9,16,22.25,25.75,15.22,35.11
2011,9,17,22.69,26.11,15.22,35.11
2011,9,18,19.05,27.18,15.22,35.11
2011,9,19,17.7,26.41,15.22,35.11
2011,9,20,19.31,25.21,15.22,35.11
2011,9,21,19.24,25.66,15.22,35.11
2011,9,22,20.29,25.51,15.22,35.11
2011,9,23,19.73,24.51,15.22,35.11
2011,9,24,19.7,23.83,15.22,35.11
2011,9,25,20.64,23.86,15.22,35.11
2011,9,26,21.22,24.2,15.22,35.11
2011,9,27,21.62,24.9,15.22,35.11
2011,9,28,21.64,25.23,15.22,35.11
2011,9,29,21.42,24.99,15.22,35.11
2011,9,30,21.27,24.36,15.22,35.11
2011,10,1,21.04,23.68,15.22,35.11
2011,10,2,21.07,23.31,15.22,35.11
2011,10,3,20.87,23.56,15.22,35.11
2011,10,4,21.62,23.49,15.22,35.11
2011,10,5,20.75,23.43,15.22,35.11
2011,10,6,20.27,22.98,15.22,35.11
2011,10,7,17.56,22.53,15.22,35.11
2011,10,8,15.07,23.41,15.22,35.11
2011,10,9,16.1,25.51,15.22,35.11
2011,10,10,19.44,28.28,15.22,35.11
2011,10,11,19.91,26.98,15.22,35.11
2011,10,12,20.27,23.06,15.22,35.11
2011,10,13,18.71,21.46,15.22,35.11
2011,10,14,17.49,21.95,15.22,35.11
2011,10,15,16.46,21.98,15.22,35.11
2011,10,16,15.95,21.58,15.22,35.11
2011,10,17,15.52,21.75,15.22,35.11
2011,10,18,15.7,22.97,15.22,35.11
2011,10,19,16.28,20.22,15.22,35.11
2011,10,20,12.22,18.93,15.22,35.11
2011,10,21,13.26,21.32,15.22,35.11
2011,10,22,13.93,22.27,15.22,35.11
2011,10,23,14.31,21.05,15.22,35.11
2011,10,24,14.96,21.37,15.22,35.11
2011,10,25,15.89,21.05,15.22,35.11
2011,10,26,14.72,19.98,15.22,35.11
2011,10,27,16.36,19.76,15.22,35.11
2011,10,28,16.81,19.27,15.22,35.11
2011,10,29,16.53,18.02,15.22,35.11
2011,10,30,15.51,17.72,15.22,35.11
2011,10,31,14.34,17.31,15.22,35.11
2011,11,1,16.32,16.96,15.22,35.11
2011,11,2,16.63,17.59,15.22,35.11
2011,11,3,17.12,17.56,15.22,35.11
2011,11,4,17.33,16.27,15.22,35.11
2011,11,5,16.54,15.38,15.22,35.11
2011,11,6,15.63,15.39,15.22,35.11
2011,11,7,15.03,15.59,15.22,35.11
2011,11,8,15.61,15.16,15.22,35.11
2011,11,9,15.42,15,15.22,35.11
2011,11,10,15.14,15.26,15.22,35.11
2011,11,11,14.59,16.12,15.22,35.11
2011,11,12,14.85,17.39,15.22,35.11
2011,11,13,13.42,15.59,15.22,35.11
2011,11,14,13.08,14.92,15.22,35.11
2011,11,15,13.01,14.29,15.22,35.11
2011,11,16,12.67,13.93,15.22,35.11
2011,11,17,11.72,13.96,15.22,35.11
2011,11,18,12.69,13.11,15.22,35.11
2011,11,19,14.53,12.63,15.22,35.11
2011,11,20,15.04,12.43,15.22,35.11
2011,11,21,15.1,12.24,15.22,35.11
2011,11,22,14.97,12.56,15.22,35.11
2011,11,23,12.72,12.89,15.22,35.11
2011,11,24,12.31,13.45,15.22,35.11
2011,11,25,11.59,12.31,15.22,35.11
2011,11,26,10.96,10.22,15.22,35.11
2011,11,27,11.15,10.16,15.22,35.11
2011,11,28,10.31,10,15.22,35.11
2011,11,29,12.77,10.45,15.22,35.11
2011,11,30,13.67,10.68,15.22,35.11
2011,12,1,14.15,10.87,15.22,35.11
2011,12,2,14.88,11.2,15.22,35.11
2011,12,3,11.79,10.89,15.22,35.11
2011,12,4,13.07,11.91,15.22,35.11
2011,12,5,12.79,11.14,15.22,35.11
2011,12,6,10.88,10.04,15.22,35.11
2011,12,7,12.57,10.01,15.22,35.11
2011,12,8,11.93,12.16,15.22,35.11
2011,12,9,9.9,13.09,15.22,35.11
2011,12,10,10.73,10.59,15.22,35.11
2011,12,11,9.94,9.66,15.22,35.11
2011,12,12,11.09,10.53,15.22,35.11
2011,12,13,10.16,10.6,15.22,35.11
2011,12,14,12.16,11.67,15.22,35.11
2011,12,15,11,11.31,15.22,35.11
2011,12,16,12.37,11.03,15.22,35.11
2011,12,17,8.4,12.08,15.22,35.11
2011,12,18,6.15,12.49,15.22,35.11
2011,12,19,5.56,13.92,15.22,35.11
2011,12,20,6.81,14.49,15.22,35.11
2011,12,21,9.11,14.47,15.22,35.11
2011,12,22,11.96,12.78,15.22,35.11
2011,12,23,9.88,12.38,15.22,35.11
2011,12,24,9.11,12.72,15.22,35.11
2011,12,25,7.55,11.52,15.22,35.11
2011,12,26,7.9,11.28,15.22,35.11
2011,12,27,9.12,9.47,15.22,35.11
2011,12,28,8,9.84,15.22,35.11
2011,12,29,8.19,10.15,15.22,35.11
2011,12,30,8.69,11.16,15.22,35.11
2011,12,31,11.16,11.06,15.22,35.11
